id,customerID,client_name,client_eic,activation,test_activation
1,6,"Потребитель 1т",56XSO00000000001,0,0
2,6,"Потребитель 2т",56XSO00000000002,0,0
3,6,"Потребитель 3т",56XSO00000000003,0,0
4,4,"ПрАТ "АвтоКрАЗ"",56XO00005MGKF00C,1,0
5,4,"ПрАТ "Кременчукм'ясо"",56XO0000U1W0Q00U,1,0
6,4,"АТ "Галичфарм"",56XO00005M88500C,1,0
7,5,"ФОП "Карабак Людмила Хухутовна"",56XO00063011600G,0,0
8,18,"ПАТ "Третий"",56XSO000000001801,1,0
9,18,"Потребитель 1_2_3_4",56XSO000000001802,1,0
10,6,"ТОВ "Второй"",56XSO000000001803,1,0
11,6,"ПАТ "Первый"",56XSO000000001804,1,0
12,5,"ПРАО Термолайф",56XSO00000000051,1,0
13,6,"ДП "Закупянский кар'єр"",56XSO00000000071,1,0
14,7,"ПАТ "Мена Пак"",56XSO00000000072,1,0
15,7,"ТОВ "Органік мілк"",56XSO00000000073,1,0
16,7,"ТОВ "Марія"",56XSO00000000074,1,0
17,7,"ТОВ "Ростра"",56XSO00000000075,1,0
18,7,"ТОВ "ВіДі Автострада"",56XSO00000000076,1,0
19,7,"ТОВ "ВіДі Автосіті Кільцева"",56XSO00000000077,1,0
20,4,"ПАТ "Бердічевський машинобудівний завод "Прогрес"",56XO0000061BU00H,1,0
21,7,"ТОВ "Скриня плюс"",56XSO00000000078,1,0
22,8,"КП "Теплоенергетик"(Могилів-Подільск)",56XSO00000000081,1,0
23,8,"МКП "Енергоресурс"",56XSO00000000082,1,0
24,8,"КП "Теплозабезпечення" (Коростень)",56XSO00000000083,1,0
25,8,"Котельня КП "Озерне"",56XSO00000000084,1,0
26,8,"ТОВ "Крігер Енергія"",56XSO00000000085,1,0
27,8,"КП "Андріївська тепломережа"",56XSO00000000086,1,0
28,8,"Барський ГПК ім.Грушевського (Гуртожиток 2)",56XSO00000000087,1,0
29,8,"Вінницький коледж НУХТ",56XSO00000000088,1,0
30,8,"ОСББ "Гагарінський 2010" ",56XSO00000000089,1,0
31,8,"ОК "Будинок 27 Д"",56XSO00000000810,1,0
32,8,"ОСББ "Дарницька 19"",56XSO00000000811,1,0
33,8,"КП "Новотроїцький сількомунгосп"",56XSO00000000812,1,0
34,8,"КП "Червонопільський сількомунгосп"",56XSO00000000813,1,0
35,7,"ПБП "ВИМАЛ"",56XSO00000000079,1,0
36,9,"ТОВ "Бердичівський пивоварний завод" ",56XSO00000000091,1,0
37,9,"СТОВ "Батьківщина" (Прилуки)",56XSO00000000092,1,0
38,9,"СТОВ "Батьківщина"  (Срібне)",56XSO00000000093,1,0
39,9,"ПрАТ "Березнівське птахопідприємство" ",56XSO00000000094,1,0
40,10,"ТОВ "Сучасна Архітектура Міст"",56XSO00000001001,1,0
41,11,"ТОВ "Берегівське хлібоприймальне підприємство"",56XO0001371H7002,1,0
42,13,"ТОВ "Носівське хлібоприймальне підприємство"",56WP41E00QLNA00N,1,0
43,14,"ТОВ "Малодівицьке хлібоприймальне підприємство"",56XO000128HLZ00Y,1,0
44,12,"ООО "Днепропресс сталь"",56XO0000UPM5S000,1,0
45,9,"ТОВ "Кондитерська фабрика "Квітень"",56XSO00000000095,1,0
46,4,"ВАТ "Полтавський ГЗК"",56XSO00000000444,1,0
47,15,"ТОВ "Метало Гальва Україна"",56XSO00000001501,1,0
48,15,"ТзОВ "Кондитерська фабрика "Ярич"",56XSO00000001502,1,0
49,15,"ПрАТ "Теремно Хліб"",56XO00005E5JA00B,1,0
50,15,"ПрАТ "Компанія Ензим"",56XSO00000001504,1,0
51,15,"ТОВ "Технокап УА"",56XSO00000001505,1,0
52,15,"СП "Галка Лтд"",56XSO00000001506,1,0
53,17,"ONUR Construction International",56XSO00000001701,1,0
54,9,"АТП 17461",56XSO00000000096,1,0
55,9,"ТОВ "Кременецьке молоко"",56XSO00000000097,1,0
56,9,"ТОВ "Тексил"",56XSO00000000098,1,0
57,6,"Первый потребитель",56XSO000000000301,0,1
58,6,"Потребитель "Второй-франковскоцементный"",56XSO000000000302,0,1
59,6,"Потребитель 3",56XSO000000000303,0,1
60,6,"Потребитель 4",56XSO000000000304,0,1
61,6,"Потребитель 5",56XSO000000000305,0,1
62,6,"Потребитель 6",56XSO000000000306,0,1
63,21,Альянс,56XSO00000002101,1,0
64,21,Альянс,56XSO00000002102,1,0
65,22,"ТОВ "ДНЕПРОПРЕСС СТАЛЬ"",56XSO00000002201,1,0
66,23,"ТОВ "АГРО-РОСЬ"",56XSO00000002301,1,0
67,23,"ТОВ "АГРО-РОСЬ"",56XSO00000002302,1,0
68,24,"ОСББ "БЕСТУЖЕВСЬКІ САДИ"",56XSO00000002401,1,0
69,24,"ОСББ "БЕСТУЖЕВСЬКІ САДИ"",56XSO00000002402,1,0
70,24,"ОСББ "ЦІЛИНОГРАДСЬКА"",56XSO00000002403,1,0
71,25,"ПрАТ "БЕРДЯНСЬКЕ ПІДПРИЄМСТВО ТЕПЛОВИХ МЕРЕЖ"",56XSO00000002501,1,0
72,25,"ПрАТ "БЕРДЯНСЬКЕ ПІДПРИЄМСТВО ТЕПЛОВИХ МЕРЕЖ"",56XSO00000002502,1,0
73,25,"ПрАТ "БЕРДЯНСЬКЕ ПІДПРИЄМСТВО ТЕПЛОВИХ МЕРЕЖ"",56XSO00000002503,1,0
74,25,"ПрАТ "БЕРДЯНСЬКЕ ПІДПРИЄМСТВО ТЕПЛОВИХ МЕРЕЖ"",56XSO00000002504,1,0
75,25,"ПрАТ "БЕРДЯНСЬКЕ ПІДПРИЄМСТВО ТЕПЛОВИХ МЕРЕЖ"",56XSO00000002505,1,0
76,25,"ПрАТ "БЕРДЯНСЬКЕ ПІДПРИЄМСТВО ТЕПЛОВИХ МЕРЕЖ"",56XSO00000002506,1,0
77,25,"ПрАТ "БЕРДЯНСЬКЕ ПІДПРИЄМСТВО ТЕПЛОВИХ МЕРЕЖ"",56XSO00000002507,1,0
78,25,"ПрАТ "БЕРДЯНСЬКЕ ПІДПРИЄМСТВО ТЕПЛОВИХ МЕРЕЖ"",56XSO00000002508,1,0
79,25,"ПрАТ "БЕРДЯНСЬКЕ ПІДПРИЄМСТВО ТЕПЛОВИХ МЕРЕЖ"",56XSO00000002509,1,0
80,25,"ПрАТ "БЕРДЯНСЬКЕ ПІДПРИЄМСТВО ТЕПЛОВИХ МЕРЕЖ"",56XSO00000002510,1,0
81,26,"ПАТ "ЧАСІВОЯРСЬКИЙ ВОГНЕТРИВКИЙ КОМБІНАТ"",56XSO00000002601,1,0
82,26,"ПАТ "ЧАСІВОЯРСЬКИЙ ВОГНЕТРИВКИЙ КОМБІНАТ"",56XSO00000002602,1,0
83,29,"ОСББ ЖК КІРОВСЬКИЙ",56XSO00000002901,1,0
84,30,"ТОВ "Комплекс "Агротех"",56XSO00000003001,1,0
85,30,"ТОВ "Комплекс "Агротех"",56XSO00000003002,1,0
86,31,"ПАТ «Роганська картонна фабрика»",56XSO00000003101,1,0
87,32,"СО Товариство",56XSO000000003201,1,0
88,33,"ТзОВ "Радехівський цукор"",56XSO000000003301,0,1
89,34,"ТОВ Такий споживач",56XZO000000003401,0,1
90,6,"ТОВ Сумний смайл",56XTO000000003601,0,1
91,6,"Потребитель 7",56XSO000000000307,0,1
92,6,"Потребитель 8",56XSO000000000308,0,1
93,6,"Потребитель 9",56XSO000000000309,0,1
97,34,"ТОВ Такий самий споживач",56XSO000000003402,0,1
98,6,"ТОВ Фронтвумен",56XSO000000003202,0,1
99,6,"Потребитель 10",56XSO000000000310,0,1
100,3,"Потребитель 11999",56XSO000000000311,0,1
101,6,"Потребитель 12",56XSO000000000312,0,1
102,38,"Якийсь споживач якогось користувача",56XSO000000003801,0,1
103,6,"Потребитель 13",56XSO000000000313,0,1
104,6,"ТОВ Фронтмастер",56XSO000000003203,0,1
105,6,"ТОВ Фронтмаэстрэлло",56XSO000000003204,0,1
106,6,"Користувач над користувачами",56XSO000000003901,0,1
107,6,"Фостер Корпорейшн",56XSO000000004101,0,1
108,42,"ПАТ "Атлант"",56XSO000000004201,0,1
109,42,"ПАТ "ПАТпат"",56XSO000000004202,0,1
110,42,"ПАТ "Патологія"",56XSO000000004203,0,1
111,43,"ТОВ "Цукерка"",56XSO000000004301,0,1
112,42,"ПАТ "Фізіологія"",56XSO000000004204,0,1
113,6,"Потребитель 14",56XSO000000000314,0,1
114,43,"ТОВ "Батончик"",56XSO000000004302,0,1
115,6,"Потребитель 15",56XSO000000000315,0,1
116,6,"Потребитель 16",56XSO000000000316,0,1
117,3,"Потребитель 1777",56XSO000000000317,0,1
118,44,"ТОВ "Пряничний чоловік"",56XSO000000004401,0,1
119,45,"ПАТ "Пирожковая 1"",56XSO000000004501,0,1
120,46,"Потребитель клиента",56XSO000000004601,0,1
121,47,"Потребитель 1",56XSO000000004701,0,1
122,47,"Потребитель 2",56XSO000000004702,0,1
123,47,"Потребитель 3",56XSO000000004703,0,1
124,47,"Потребитель 4",56XSO000000004704,0,1
125,47,"Потребитель 4",56XSO000000004705,0,1
126,47,"Потребитель 5",56XSO000000004706,0,1
127,47,"Потребитель 6",56XSO000000004707,0,1
128,6,"ПРАт "Додаток 2"",56XSO000000004801,0,1
129,49,"Потребитель 1",56XSO000000004901,0,1
130,49,"Потребитель 2",56XSO000000004902,0,1
131,49,"Потребитель 3",56XSO000000004903,0,1
132,49,"Потребитель 4",56XSO000000004904,0,1
133,49,"Потребитель 5",56XSO000000004905,0,1
134,50,"Проверочный потребитель 1",56XSO000000005001,0,1
135,51,Тест,56XSO000000005101,0,1
136,6,Споживач8.1,56XSO000000005301,0,1
137,6,"Фостер другий",56XSO000000004102,0,1
138,6,"Потребитель 1.1",56XSO000000005201,0,1
139,52,"Потребитель 2",56XSO000000005202,0,1
140,52,"Потребитель 3",56XSO000000005203,0,1
141,52,"Потребитель 4",56XSO000000005204,0,1
142,52,"Потребитель 5",56XSO000000005205,0,1
143,52,"Потребитель 6",56XSO000000005206,0,1
144,52,"Потребитель 8",56XSO000000005207,0,1
145,52,"Потребитель 7",56XSO000000005208,0,1
146,56,"Потребитель 1",56XSO000000005601,0,1
147,56,"потребитель 2",56XSO000000005602,0,1
148,56,"Потребитель 3",56XSO000000005603,0,1
149,56,"Потребитель 4",56XSO000000005604,0,1
150,6,"ТОВ Ще один споживач",56XSO000000003403,0,1
151,6,"ТОВ Черговий споживач",56XSO000000003404,0,1
152,56,"Потребитель 5",56XSO000000003405,0,1
153,57,"Перший споживач",56XSO000000005701,0,1
154,57,"Другий споживач",56XSO000000005702,0,1
155,57,"Третій споживач",56XSO000000005703,0,1
156,57,"Четвертий споживач",56XSO000000005704,0,1
157,6,"ПрАТ Иванофранковская крохмалепатоковая фабрика	",56XSO000000003205,0,1
158,58,"предприятие 1",56XSO000000005801,0,1
159,58,"предприятие 2",56XSO000000005802,0,1
160,58,"предприятие 3",56XSO000000005803,0,1
161,58,УкрГазТех,56XSO000000005804,0,1
162,59,укргазтех,56XSO000000005901,0,1
163,59,vhgcvhjvhg,56XSO000000005902,0,1
164,59,qwrfwetewr,56XSO000000005903,0,1
165,64,botDirect,56XSO000000006401,0,1
166,65,traderbot,56XSO000000006501,0,1
167,6,"користувач тестовий перший",56XSO000000006701,0,1
168,68,"floutek ",56XSO000000006801,0,1
169,6,Универсал,56XSO000000000318,0,1
170,76,Универсал,56XSO000000007601,0,1
171,78,Сценарий,56XSO000000007801,0,1
172,78,cwt,56XSO000000007802,0,1
173,79,tandem,56XSO000000007901,0,1
174,80,ГАЗДЕРПРОМИНвест,56XSO000000008001,0,1
175,81,Саша_it,56XSO000000008101,0,1
176,82," Хмельницький національний університет",56XSO000000031508,0,1
177,83,"popitka nomer 1",56XSO000000008301,0,1
178,84,TEST,123456,0,1
179,85,Test456,123456778,0,1
180,76,"Тестик доп. пакет",56XSO000000007602,0,1
181,89,"флип флоп",56XSO000000008900,0,1
182,89,123123,56XSO000000008902,0,1
183,6,testuserDirect,56XSO000000009101,0,1
184,6,Потребитель128,56XSO000000009201,0,1
185,59,univeraslM,56XSO000000005904,0,1
186,59,universalMT,56XSO000000005905,0,1
187,93,"Название первое",56XSO000000009301,0,1
188,93,"Название третье(попытка 1)",56XSO000000009302,0,1
189,93,"Организация такая-то",56XSO000000009303,0,1
190,92,Потребитель128_2,56XSO66600009201,0,1
191,94,Tandem_1,56XSO000000009401,0,1
192,95,"real human bean",56XSO000000009501,0,1
193,92,"6928 Рабочий",56XSO66600009202,0,1
221,100,РГК,56XSO000000010001,0,1
222,101,rgk,56XSO000000010101,0,1
925,102,TestNull,56XSO000000010201,0,1
926,307,Предприятие,56XSO000000030701,0,1
1646,96,"ПIДМ.АГРОМIКС ..................",96XSO004321721,0,1
1647,96,РАДМИРТЕХ,96XSO0074315171,0,1
1648,96,16469...........................,96XSO001646921,0,1
1649,96,"ПАО "БПТС"",96XSO00622615,0,1
1650,96,"ТОВ-МЕТАЛО ГАЛЬВА УКРАЇНА",96XSO00794015,0,1
1651,96,"ЗАО ПАВЛОГРАДХЛЕБ",96XSO001128111,0,1
1652,96,"--""--",96XSO0055522172,0,1
1653,96,"РОГАНСЬКА КФ                   _",96XSO00807215,0,1
1654,96,00941-2.........................,96XSO0094123,0,1
1655,96,"Торгівельний комплекс",96XSO001124,0,1
1656,96,"БАЛАКЛЕЯ ХПП",96XSO00772515,0,1
1657,96,Донецк,96XSO001813191,0,1
1658,96,111,96XSO00128733111,0,1
1659,96,"ЧАО ЗОФ",96XSO00620015,0,1
1660,96,""ПБП ВИМАЛ"" ГОЛОВНИЙ ПIДРОЗДIЛ"",96XSO00550111,0,1
1661,96,СШ#13,96XSO00744415,0,1
1662,96,13,96XSO0068696124,0,1
1663,96,"ООО "Краматорский феросплавный",96XSO001309891,0,1
1664,96,"КП ТЕПЛОЗАБЕЗПЕЧЕННЯ           _",96XSO0020873115,0,1
1665,96,"ЗБОРIВ ЛIКАРНЯ  ................",96XSO00939422,0,1
1666,96,"ТОВ  "ТЕКССИЛ"  АГНКС",96XSO00738111,0,1
1667,96,2,96XSO0046937124,0,1
1668,96,"ООО-САЛТОВСКИЙ МЯСОКОМБИНАТ",96XSO00011,0,1
1669,96,"ЗБОРIВ ЦРЛ......................",96XSO00856222,0,1
1670,96,"ПАТ"КИIВСЬКИЙ КПК"             _",96XSO00576215,0,1
1671,96,"Отіско Валентина Миколаївна",96XSO00103943111,0,1
1672,96,"ПРАТ"КРЕМЕНЧУКМЯСО"            _",96XSO00843115,0,1
1673,96,ПАТ-МОТОРСИЧ,96XSO00826215,0,1
1674,96,"ООО ДНЕПРОПРЕСС СТАЛЬ",96XSO0021358115,0,1
1675,96,Зоря,96XSO0074416124,0,1
1676,96,"ООО ОК ПРИБОЙ                  _",96XSO00692815,0,1
1677,96,"ТОВ ВIДI АВТОСТРАДА",96XSO00208712,0,1
1678,96,АМПУ,96XSO0024539116,0,1
1679,96,1,96XSO00105006111,0,1
1680,96,"--""--",96XSO003432172,0,1
1681,96,""ПАО БЕРДЯНСКОЕ ПТС"""""",96XSO00634715,0,1
1682,96,Проба_10_ЛОРПАВЫФ,96XSO0023111,0,1
1683,96,"ПАТ"МЕНА ПАК"",96XSO00540715,0,1
1684,96,***,96XSO0049924171,0,1
1685,96,"ПАТ "Укртелеком№ ЦЕЗ %",96XSO0062166124,0,1
1686,96,---,96XSO0028560124,0,1
1687,96,"ЧАО "УКРГРАФИТ"",96XSO00617815,0,1
1688,96,ГОРОДНЯ.НЕЗАЛ.58................,96XSO001761221,0,1
1689,96,"НовоселківськаЗОШ Підгаєцький",96XSO00458815,0,1
1690,96,RT,96XSO00170615111,0,1
1691,96,"ЧАО-БПТС                       _",96XSO00242112,0,1
1692,96,Проба,96XSO0074889124,0,1
1693,96,"ТзОВ "Бучачагрохлібпром" (суперм",96XSO0060240124,0,1
1694,96,"КП"ТЕПЛОЕНЕРГЕТИК"",96XSO00998111,0,1
1695,96,П`ятихатки,96XSO0028191124,0,1
1696,96,Зоря,96XSO0070452124,0,1
1697,96,"ОК"БУДИНОК 27 Д"",96XSO00678415,0,1
1698,96,"ПАО "БЕРДЯНСКОЕ ПТС"",96XSO00633315,0,1
1699,96,"СТОВ БАТЬКIВЩИНА               _",96XSO00361412,0,1
1700,96,"ПРАТ КОМБИНАТ ПРИДНЕПРОВСКИЙ",96XSO001265111,0,1
1701,96,"ТКЕ КОНОВАЛ 132Л................",96XSO0065823,0,1
1702,96,"--""--",96XSO0079065171,0,1
1703,96,"ДПЗАКУПНЯНСКИЙ КАРЭР",96XSO00782115,0,1
1704,96,"КОРОПЕЦЬКИЙ ЛIЦЕЙ-IНТЕРНАТ     _",96XSO00290612,0,1
1705,96,"ТОВ"АМТТ"",96XSO00781715,0,1
1706,96,""ПАТКИIВСЬКИЙ КПК""",96XSO00649615,0,1
1707,96,"Нібулон м. Градіжск",96XSO00414915,0,1
1708,96,"ПАО "БПТС"",96XSO00622815,0,1
1709,96,"ОСМД БЕСТУЖЕВСКИЕ САДЫ         _",96XSO001085111,0,1
1710,96,"КП-ХТС  ХОЛОДНОГОРСКИЙ Ф-Л",96XSO0055012,0,1
1711,96,"ПАТ"МЕНА ПАК"",96XSO00274212,0,1
1712,96,"ПРАТ"АТП-17461"                _",96XSO00569115,0,1
1713,96,"ООО"МСЗ"",96XSO00699515,0,1
1714,96,"ЧАО "КЗТП"",96XSO001802391,0,1
1715,96,Проба_ПРОБА_ЯЦХЭ,96XSO002124,0,1
1716,96,"МКП ЕНЕРГОРЕСУРС               _",96XSO00753111,0,1
1717,96,"Вашківецький хлібокомбінат",96XSO0012114,0,1
1718,96,"гот.Екстрім Кошун Тамара",96XSO00106237111,0,1
1719,96,"АГРО МIКС       ................",96XSO002901821,0,1
1720,96,"ПАО "БПТС"",96XSO00622715,0,1
1721,96,"КОТЕЛЬНЯ КП"ОЗЕРНЕ"",96XSO001444111,0,1
1722,96,"ТОВ РОСТРА",96XSO001500111,0,1
1723,96,"ТОВ"ВIДI АВТОСIТI КIЛЬЦЕВА"    _",96XSO00341412,0,1
1724,96,ПАТ-ГАЛИЧФАРМ,96XSO00498418,0,1
1725,96,"Булах В.Г.",96XSO00162361111,0,1
1726,96,"ЧАО ЗОФ",96XSO00507415,0,1
1727,96,111,96XSO00137887111,0,1
1728,96,"АТ "ОТКЕ"",96XSO0074493124,0,1
1729,96,O,96XSO001172,0,1
1730,96,"Бережанська ГНКС",96XSO00525615,0,1
1731,96,"ТОВ КВIТЕНЬ                    _",96XSO00651915,0,1
1732,96,"ЗБОРIВ ЦРЛ ПIДМI................",96XSO002951921,0,1
1733,96,"ПАО "БЕРДЯНСКОЕ ПТС"",96XSO00633215,0,1
1734,96,"     НИКОПОЛЬ    ЗОШ 16        _",96XSO00703015,0,1
1735,96,"ТОВ-МЕТАЛО ГАЛЬВА УКРАЇНА",96XSO00772415,0,1
1736,96,"ТОВ "ЕПIЦЕНТР К"",96XSO00855516,0,1
1737,96,"ОРГАНIК МIЛК",96XSO001490111,0,1
1738,96,"ДЧБЛ-3 ГЕТЕНЯ                  _",96XSO00227412,0,1
1739,96,"ФОП Строков А. І. Офіс",96XSO0056414124,0,1
1740,96,"Луцюк А.С.",96XSO00161406111,0,1
1741,96,"ГОРОДНЯНСЬКИЙ КОМБIКОРМОВИЙ ЗАВ_",96XSO0020022117,0,1
1742,96,"ПАО"БПТС"                      _",96XSO00243112,0,1
1743,96,ПАТ-СБК,96XSO00559115,0,1
1744,96,"ОСМД ДАРНИЦКАЯ",96XSO00523715,0,1
1745,96,"Торгівельний комплекс",96XSO0066637124,0,1
1746,96,"КП "АНДРЕЕВСКАЯ ТЕПЛОСЕТЬ"",96XSO00692715,0,1
1747,96,КП-ХТС,96XSO0015512,0,1
1748,96,"КП "НОВОТРОИЦКИЙ СЕЛЬКОММУНХОЗ"_",96XSO00679015,0,1
1749,96,"Адмінбудівля ЦМК",96XSO0063554124,0,1
1750,96,"ГАГАРИНСКИЙ 2010",96XSO00730315,0,1
1751,96,"ПТМ"КОВЕЛЬТЕПЛО"ВУЛ.ВАТУТIНА 48",96XSO00351814,0,1
1752,96,"Орехова С.Є.",96XSO00145257111,0,1
1753,96,"ПРАТ"АВТОКРАЗ"",96XSO00814815,0,1
1754,96,"ТЗОВ ГАЛКА ЛТД",96XSO00788215,0,1
1755,96,ПАТ-ЕЛЕКТРОТЕРМОМЕТРIЯ,96XSO00693215,0,1
1756,96,"ОСМД БЕСТУЖЕВСКИЕ САДЫ         _",96XSO001110111,0,1
1757,96,""ОООМСЗ""",96XSO00785515,0,1
1758,96,"ЗОШ І-ІІІ ст. №1 м. Кременець лі",96XSO0071151124,0,1
1759,96,"ЧЕРВОНОПОЛЬСКИЙ КОММУНОЗ",96XSO00161314,0,1
1760,96,"ТОВ"АМТТ"",96XSO00705615,0,1
1761,96,"ТОВ"ОНУР КОНСТРУКЦИОН" М.ВИШНЕВ_",96XSO00623815,0,1
1762,96,"ПАТ"КИIВСЬКИЙ КПК"",96XSO00576115,0,1
1763,96,ЗАПОРОЖСТЕКЛОФЛЮС,96XSO00837515,0,1
1764,96,"БЕРЕЗНIВСЬКЕ ПТАХОПIДПРИЕМСТВО К",96XSO00276612,0,1
1765,96,"ТОВ"МАЛОДIВИЦЬКЕ ХПП"          _",96XSO00571415,0,1
1766,96,"ТЗОВ"ЯРИЧIВ"ДЖМС................",96XSO002904821,0,1
1767,96,09183...........................,96XSO00918322,0,1
1768,96,"ПАО"БПТС"                      _",96XSO00244112,0,1
1769,96,"--""--",96XSO0075022171,0,1
1770,96,"СТОВ БАТЬКIВЩИНА               _",96XSO00276112,0,1
1771,96,"ВIННИЦЬКИЙ КОЛЕДЖ НУХТ",96XSO0021527115,0,1
1772,96,1,96XSO0084282172,0,1
1773,96,"Торгівельний комплекс",96XSO0020035123,0,1
1774,96,Новиков,96XSO0020008124,0,1
1775,96,""ПАО БЕРДЯНСКОЕ ПТС"""""",96XSO00647115,0,1
1776,96,1,96XSO002172,0,1
1777,96,Amazon,96XSO0028150124,0,1
1778,96,"ОСМД "ЦЕЛИНОГРАДСКАЯ"          _",96XSO00871111,0,1
1779,96,"--""--",96XSO0079068171,0,1
1780,96,ЦЕНТР.БЕРЕЖ.Л-НЯ................,96XSO00222323,0,1
1781,96,БЗ2,96XSO00145822111,0,1
1782,96,"БАРСКИЙ ГПК",96XSO00260112,0,1
1783,96,"ПОЛИКЛИНИКА АВТОКРАЗ           _",96XSO00598415,0,1
1784,96,"ФОП Карабак Л.Х.",96XSO0052257124,0,1
1785,96,"БАЛАКЛЕЯ ХПП                   _",96XSO00772615,0,1
1786,96,КРИГЕР,96XSO00232712,0,1
1787,96,""ПАТ КИIВСЬКИЙ КПК""",96XSO00620515,0,1
1788,96,СБУ,96XSO00496318,0,1
1789,96,"ООО-САЛТОВСКИЙ МЯСОКОМБИНАТ",96XSO00111913,0,1
1790,96,"ОСББ "КАСКАД-2"                _",96XSO00288012,0,1
1791,96,"МАРIЯ                          _",96XSO00767315,0,1
1792,96,"ПАТ "Укртелеком" ЦЕЗ №5",96XSO0062086124,0,1
1793,96,"ПРАО ТЕРМОЛАЙФ",96XSO00766815,0,1
1794,96,"ПАТ-ТЕРЕМНО ХЛIБ               _",96XSO00762515,0,1
1795,96,"Білозірська ЗОШ І-ІІІ ст.",96XSO0073570124,0,1
1796,96,RTX,96XSO0077001171,0,1
1797,96,а_ПРОБА,96XSO001111118,0,1
1798,96,"ПБП ВИМАЛ",96XSO00140212,0,1
1799,96,"--""--",96XSO0055462172,0,1
1800,96,СТАРПЛАСТ,96XSO00587111,0,1
1801,96,"ПАТ-ТЕРЕМНО ХЛТБ               _",96XSO00762315,0,1
1802,96,----,96XSO00195112,0,1
1803,96,ХПП-БЕРЕГОВО,96XSO001419111,0,1
1804,96,"БФ Патриот",96XSO001804791,0,1
1805,96,TEST,96XSO00118,0,1
1806,96,TEST,96XSO001923321,0,1
1807,96,TEST,96XSO001169111,0,1
1808,96,TEST,96XSO00269032,0,1
1809,96,TEST,96XSO0057467512,0,1
1810,96,TEST,96XSO0051550512,0,1
1811,96,TEST,96XSO00750315,0,1
1812,96,TEST,96XSO00488510,0,1
1813,96,TEST,96XSO00828832,0,1
1814,96,TEST,96XSO00280112,0,1
1815,96,TEST,96XSO00768232,0,1
1816,96,TEST,96XSO00313341,0,1
1817,96,TEST,96XSO00273612,0,1
1818,96,TEST,96XSO00725832,0,1
1819,96,TEST,96XSO00164759,0,1
1820,96,TEST,96XSO00440715,0,1
1821,96,TEST,96XSO00722915,0,1
1822,96,TEST,96XSO00201741,0,1
1823,96,TEST,96XSO003172,0,1
1824,96,TEST,96XSO00491510,0,1
1825,96,TEST,96XSO00539111,0,1
1826,96,TEST,96XSO00726915,0,1
1827,96,TEST,96XSO001552516,0,1
1828,96,TEST,96XSO0043086124,0,1
1829,96,TEST,96XSO0021250115,0,1
1830,96,TEST,96XSO00615632,0,1
1831,96,TEST,96XSO00729832,0,1
1832,96,TEST,96XSO00127212,0,1
1833,96,TEST,96XSO00640815,0,1
1834,96,TEST,96XSO00497218,0,1
1835,96,TEST,96XSO001025111,0,1
1836,96,TEST,96XSO00563111,0,1
1837,96,TEST,96XSO00690215,0,1
1838,96,TEST,96XSO00777832,0,1
1839,96,TEST,96XSO00488511,0,1
1840,96,TEST,96XSO00821915,0,1
1841,96,TEST,96XSO00363112,0,1
1842,96,TEST,96XSO00724822,0,1
1843,96,TEST,96XSO0073364124,0,1
1844,96,TEST,96XSO00133271,0,1
1845,96,TEST,96XSO00786091,0,1
1846,96,TEST,96XSO0068400124,0,1
1847,96,TEST,96XSO00868522,0,1
1848,96,TEST,96XSO0093291101,0,1
1849,96,TEST,96XSO002987721,0,1
1850,96,TEST,96XSO0050377516,0,1
1851,96,TEST,96XSO00272032,0,1
1852,96,TEST,96XSO00171132,0,1
1853,96,TEST,96XSO0011111124,0,1
1854,96,TEST,96XSO001073111,0,1
1855,96,TEST,96XSO00236112,0,1
1856,96,TEST,96XSO00715111,0,1
1857,96,TEST,96XSO001084111,0,1
1858,96,TEST,96XSO00138141,0,1
1859,96,TEST,96XSO00491511,0,1
1860,96,TEST,96XSO00000,0,1
1861,96,TEST,96XSO001812591,0,1
1862,96,TEST,96XSO00425111,0,1
1863,96,TEST,96XSO003900521,0,1
1864,96,TEST,96XSO00185041,0,1
1865,96,TEST,96XSO00930822,0,1
1866,96,TEST,96XSO00193141,0,1
1867,96,TEST,96XSO00393112,0,1
1868,96,TEST,96XSO00803715,0,1
1869,96,TEST,96XSO00627215,0,1
1870,96,TEST,96XSO002852121,0,1
1871,96,TEST,96XSO00502015,0,1
1872,96,TEST,96XSO00556115,0,1
1873,96,TEST,96XSO00989932,0,1
1874,96,TEST,96XSO002717621,0,1
1875,96,TEST,96XSO00796632,0,1
1876,96,TEST,96XSO0061141,0,1
1877,96,TEST,96XSO00533815,0,1
1878,96,TEST,96XSO00213332,0,1
1879,96,TEST,96XSO00335532,0,1
1880,96,TEST,96XSO002717921,0,1
1881,96,TEST,96XSO002979621,0,1
1882,96,TEST,96XSO00726932,0,1
1883,96,TEST,96XSO00512111,0,1
1884,96,TEST,96XSO00146914,0,1
1885,96,TEST,96XSO002609521,0,1
1886,96,TEST,96XSO00836415,0,1
1887,96,TEST,96XSO00251414,0,1
1888,96,TEST,96XSO00565215,0,1
1889,96,TEST,96XSO00693115,0,1
1890,96,TEST,96XSO0056298516,0,1
1891,96,TEST,96XSO001512,0,1
1892,96,TEST,96XSO00139112,0,1
1893,96,TEST,96XSO00485515,0,1
1894,96,TEST,96XSO00362412,0,1
1895,96,TEST,96XSO005555511,0,1
1896,96,TEST,96XSO002719021,0,1
1897,96,TEST,96XSO00919822,0,1
1898,96,TEST,96XSO00820315,0,1
1899,96,TEST,96XSO00143512,0,1
1900,96,TEST,96XSO003045233,0,1
1901,96,TEST,96XSO0023060116,0,1
1902,96,TEST,96XSO0068613124,0,1
1903,96,TEST,96XSO00332841,0,1
1904,96,TEST,96XSO004333021,0,1
1905,96,TEST,96XSO00634915,0,1
1906,96,TEST,96XSO000511,0,1
1907,96,TEST,96XSO00417618,0,1
1908,96,TEST,96XSO00748915,0,1
1909,96,TEST,96XSO00464541,0,1
1910,96,TEST,96XSO004311021,0,1
1911,96,TEST,96XSO00117314,0,1
1912,96,TEST,96XSO00618615,0,1
1913,96,TEST,96XSO001084431,0,1
1914,96,TEST,96XSO00122841,0,1
1915,96,TEST,96XSO0070172,0,1
1916,96,TEST,96XSO00803111,0,1
1917,96,TEST,96XSO002647621,0,1
1918,96,TEST,96XSO00584618,0,1
1919,96,TEST,96XSO0070458124,0,1
1920,96,TEST,96XSO0081941,0,1
1921,96,TEST,96XSO0070229124,0,1
1922,96,TEST,96XSO0014611,0,1
1923,96,TEST,96XSO0022222115,0,1
1924,96,TEST,96XSO00652115,0,1
1925,96,TEST,96XSO00742015,0,1
1926,96,TEST,96XSO00145332,0,1
1927,96,TEST,96XSO003173,0,1
1928,96,TEST,96XSO00457815,0,1
1929,96,TEST,96XSO00993232,0,1
1930,96,TEST,96XSO005714,0,1
1931,96,TEST,96XSO00472315,0,1
1932,96,TEST,96XSO00365841,0,1
1933,96,TEST,96XSO0052017516,0,1
1934,96,TEST,96XSO00862122,0,1
1935,96,TEST,96XSO00835515,0,1
1936,96,TEST,96XSO002822021,0,1
1937,96,TEST,96XSO0029172,0,1
1938,96,TEST,96XSO001312111,0,1
1939,96,TEST,96XSO0072512,0,1
1940,96,TEST,96XSO00571018,0,1
1941,96,TEST,96XSO00091,0,1
1942,96,TEST,96XSO002717221,0,1
1943,96,TEST,96XSO001220111,0,1
1944,96,TEST,96XSO00242432,0,1
1945,96,TEST,96XSO004303321,0,1
1946,96,TEST,96XSO00700001172,0,1
1947,96,TEST,96XSO00104332,0,1
1948,96,TEST,96XSO00731332,0,1
1949,96,TEST,96XSO0030000125,0,1
1950,96,TEST,96XSO00301014,0,1
1951,96,TEST,96XSO00922832,0,1
1952,96,TEST,96XSO004173,0,1
1953,96,TEST,96XSO002843521,0,1
1954,96,TEST,96XSO00786515,0,1
1955,96,TEST,96XSO00596215,0,1
1956,96,TEST,96XSO002112,0,1
1957,96,TEST,96XSO001018632,0,1
1958,96,TEST,96XSO00668115,0,1
1959,96,TEST,96XSO00606215,0,1
1960,96,TEST,96XSO0022762512,0,1
1961,96,TEST,96XSO008114391,0,1
1962,96,TEST,96XSO00715115,0,1
1963,96,TEST,96XSO001101232,0,1
1964,96,TEST,96XSO009988779319,0,1
1965,96,TEST,96XSO00654915,0,1
1966,96,TEST,96XSO0055441,0,1
1967,96,TEST,96XSO00802215,0,1
1968,96,TEST,96XSO001133732,0,1
1969,96,TEST,96XSO002935521,0,1
1970,96,TEST,96XSO0027112,0,1
1971,96,TEST,96XSO0053172,0,1
1972,96,TEST,96XSO00650215,0,1
1973,96,TEST,96XSO002988921,0,1
1974,96,TEST,96XSO002929021,0,1
1975,96,TEST,96XSO00236414,0,1
1976,96,TEST,96XSO00558218,0,1
1977,96,TEST,96XSO002832421,0,1
1978,96,TEST,96XSO00748111,0,1
1979,96,TEST,96XSO001385111,0,1
1980,96,TEST,96XSO00916931,0,1
1981,96,TEST,96XSO002898321,0,1
1982,96,TEST,96XSO0088412,0,1
1983,96,TEST,96XSO001940021,0,1
1984,96,TEST,96XSO00116531,0,1
1985,96,TEST,96XSO00884822,0,1
1986,96,TEST,96XSO001818291,0,1
1987,96,TEST,96XSO0090511,0,1
1988,96,TEST,96XSO002634721,0,1
1989,96,TEST,96XSO00736615,0,1
1990,96,TEST,96XSO0073077124,0,1
1991,96,TEST,96XSO008131191,0,1
1992,96,TEST,96XSO0022012,0,1
1993,96,TEST,96XSO0050290512,0,1
1994,96,TEST,96XSO001013111,0,1
1995,96,TEST,96XSO0079066171,0,1
1996,96,TEST,96XSO00820132,0,1
1997,96,TEST,96XSO0064601124,0,1
1998,96,TEST,96XSO001014232,0,1
1999,96,TEST,96XSO00553318,0,1
2000,96,TEST,96XSO00606615,0,1
2001,96,TEST,96XSO002864721,0,1
2002,96,TEST,96XSO00313241,0,1
2003,96,TEST,96XSO001086131,0,1
2004,96,TEST,96XSO00891332,0,1
2005,96,TEST,96XSO00493518,0,1
2006,96,TEST,96XSO001917921,0,1
2007,96,TEST,96XSO00731915,0,1
2008,96,TEST,96XSO00405215,0,1
2009,96,TEST,96XSO0074769124,0,1
2010,96,TEST,96XSO00607015,0,1
2011,96,TEST,96XSO00285941,0,1
2012,96,TEST,96XSO00676915,0,1
2013,96,TEST,96XSO001826121,0,1
2014,96,TEST,96XSO003070533,0,1
2015,96,TEST,96XSO00777777124,0,1
2016,96,TEST,96XSO002825521,0,1
2017,96,TEST,96XSO002863821,0,1
2018,96,TEST,96XSO0074770124,0,1
2019,96,TEST,96XSO004325521,0,1
2020,96,TEST,96XSO0044112,0,1
2021,96,TEST,96XSO00737532,0,1
2022,96,TEST,96XSO002951521,0,1
2023,96,TEST,96XSO00502515,0,1
2024,96,TEST,96XSO004348121,0,1
2025,96,TEST,96XSO00700001173,0,1
2026,96,TEST,96XSO00127441,0,1
2027,96,TEST,96XSO00486815,0,1
2028,96,TEST,96XSO00758932,0,1
2029,96,TEST,96XSO002875521,0,1
2030,96,TEST,96XSO00644615,0,1
2031,96,TEST,96XSO00880132,0,1
2032,96,TEST,96XSO00306012,0,1
2033,96,TEST,96XSO00612215,0,1
2034,96,TEST,96XSO001074531,0,1
2035,96,TEST,96XSO001013932,0,1
2036,96,TEST,96XSO00725915,0,1
2037,96,TEST,96XSO00494118,0,1
2038,96,TEST,96XSO00032,0,1
2039,96,TEST,96XSO00595815,0,1
2040,96,TEST,96XSO00267032,0,1
2041,96,TEST,96XSO003001601,0,1
2042,96,TEST,96XSO00351532,0,1
2043,96,TEST,96XSO00299142,0,1
2044,96,TEST,96XSO001071111,0,1
2045,96,TEST,96XSO002878421,0,1
2046,96,TEST,96XSO00913532,0,1
2047,96,TEST,96XSO00719315,0,1
2048,96,TEST,96XSO00988322,0,1
2049,96,TEST,96XSO00959832,0,1
2050,96,TEST,96XSO0074212,0,1
2051,96,TEST,96XSO00448115,0,1
2052,96,TEST,96XSO00578618,0,1
2053,96,TEST,96XSO001111932,0,1
2054,96,TEST,96XSO00249814,0,1
2055,96,TEST,96XSO00718,0,1
2056,96,TEST,96XSO00414332,0,1
2057,96,TEST,96XSO00811615,0,1
2058,96,TEST,96XSO002639921,0,1
2059,96,TEST,96XSO002939121,0,1
2060,96,TEST,96XSO00314314,0,1
2061,96,TEST,96XSO0056214,0,1
2062,96,TEST,96XSO00118451101,0,1
2063,96,TEST,96XSO00378331,0,1
2064,96,TEST,96XSO001409111,0,1
2065,96,TEST,96XSO0067585124,0,1
2066,96,TEST,96XSO001128532,0,1
2067,96,TEST,96XSO00429332,0,1
2068,96,TEST,96XSO0022762516,0,1
2069,96,TEST,96XSO0052172512,0,1
2070,96,TEST,96XSO00238612,0,1
2071,96,TEST,96XSO001550516,0,1
2072,96,TEST,96XSO0090732,0,1
2073,96,TEST,96XSO0062123,0,1
2074,96,TEST,96XSO00250111,0,1
2075,96,TEST,96XSO001019132,0,1
2076,96,TEST,96XSO00702791,0,1
2077,96,TEST,96XSO0021547117,0,1
2078,96,TEST,96XSO005155051,0,1
2079,96,TEST,96XSO0068767124,0,1
2080,96,TEST,96XSO00707732,0,1
2081,96,TEST,96XSO001033132,0,1
2082,96,TEST,96XSO0052712,0,1
2083,96,TEST,96XSO001764321,0,1
2084,96,TEST,96XSO001152111,0,1
2085,96,TEST,96XSO00583741,0,1
2086,96,TEST,96XSO00923222,0,1
2087,96,TEST,96XSO0051471124,0,1
2088,96,TEST,96XSO0072172,0,1
2089,96,TEST,96XSO008122591,0,1
2090,96,TEST,96XSO002977921,0,1
2091,96,TEST,96XSO00630515,0,1
2092,96,TEST,96XSO00806232,0,1
2093,96,TEST,96XSO00359532,0,1
2094,96,TEST,96XSO00218,0,1
2095,96,TEST,96XSO00956791,0,1
2096,96,TEST,96XSO00652515,0,1
2097,96,TEST,96XSO00576532,0,1
2098,96,TEST,96XSO00737522,0,1
2099,96,TEST,96XSO00828232,0,1
2100,96,TEST,96XSO00041,0,1
2101,96,TEST,96XSO001084031,0,1
2102,96,TEST,96XSO00552111,0,1
2103,96,TEST,96XSO00367112,0,1
2104,96,TEST,96XSO004358821,0,1
2105,96,TEST,96XSO00817515,0,1
2106,96,TEST,96XSO00267112,0,1
2107,96,TEST,96XSO002907921,0,1
2108,96,TEST,96XSO001810091,0,1
2109,96,TEST,96XSO00229112,0,1
2110,96,TEST,96XSO00955822,0,1
2111,96,TEST,96XSO0021414,0,1
2112,96,TEST,96XSO001814391,0,1
2113,96,TEST,96XSO00493111,0,1
2114,96,TEST,96XSO00780415,0,1
2115,96,TEST,96XSO004334921,0,1
2116,96,TEST,96XSO001181111,0,1
2117,96,TEST,96XSO0051796516,0,1
2118,96,TEST,96XSO00727815,0,1
2119,96,TEST,96XSO00563141,0,1
2120,96,TEST,96XSO00999999173,0,1
2121,96,TEST,96XSO0070246124,0,1
2122,96,TEST,96XSO001377111,0,1
2123,96,TEST,96XSO001115259,0,1
2124,96,TEST,96XSO00847715,0,1
2125,96,TEST,96XSO00696215,0,1
2126,96,TEST,96XSO004320821,0,1
2127,96,TEST,96XSO00490511,0,1
2128,96,TEST,96XSO00641015,0,1
2129,96,TEST,96XSO00274512,0,1
2130,96,TEST,96XSO00363341,0,1
2131,96,TEST,96XSO00203041,0,1
2132,96,TEST,96XSO00832232,0,1
2133,96,TEST,96XSO001115111,0,1
2134,96,TEST,96XSO002761512,0,1
2135,96,TEST,96XSO00681915,0,1
2136,96,TEST,96XSO001094111,0,1
2137,96,TEST,96XSO00770015,0,1
2138,96,TEST,96XSO001914321,0,1
2139,96,TEST,96XSO0074771124,0,1
2140,96,TEST,96XSO00648715,0,1
2141,96,TEST,96XSO00333332,0,1
2142,96,TEST,96XSO00646331,0,1
2143,96,TEST,96XSO00411632,0,1
2144,96,TEST,96XSO00942522,0,1
2145,96,TEST,96XSO0056036124,0,1
2146,96,TEST,96XSO004363221,0,1
2147,96,TEST,96XSO00934422,0,1
2148,96,TEST,96XSO00018,0,1
2149,96,TEST,96XSO001310591,0,1
2150,96,TEST,96XSO00738632,0,1
2151,96,TEST,96XSO0097714,0,1
2152,96,TEST,96XSO00774515,0,1
2153,96,TEST,96XSO0096659,0,1
2154,96,TEST,96XSO00051,0,1
2155,96,TEST,96XSO00578918,0,1
2156,96,TEST,96XSO00108514,0,1
2157,96,TEST,96XSO003001234,0,1
2158,96,TEST,96XSO00975932,0,1
2159,96,TEST,96XSO00214931,0,1
2160,96,TEST,96XSO0092832,0,1
2161,96,TEST,96XSO0020342171,0,1
2162,96,TEST,96XSO00490510,0,1
2163,96,TEST,96XSO00822815,0,1
2164,96,TEST,96XSO006174,0,1
2165,96,TEST,96XSO002981521,0,1
2166,96,TEST,96XSO00669111,0,1
2167,96,TEST,96XSO00860122,0,1
2168,96,TEST,96XSO0051550516,0,1
2169,96,TEST,96XSO00653015,0,1
2170,96,TEST,96XSO0057471124,0,1
2171,96,TEST,96XSO00713732,0,1
2172,96,TEST,96XSO00302814,0,1
2173,96,TEST,96XSO002912021,0,1
2174,96,TEST,96XSO001664221,0,1
2175,96,TEST,96XSO00359832,0,1
2176,96,TEST,96XSO001037111,0,1
2177,96,TEST,96XSO00804191,0,1
2178,96,TEST,96XSO00821715,0,1
2179,96,TEST,96XSO001812191,0,1
2180,96,TEST,96XSO001822521,0,1
2181,96,TEST,96XSO0084912,0,1
2182,96,TEST,96XSO0020342124,0,1
2183,96,TEST,96XSO00238842,0,1
2184,96,TEST,96XSO00871332,0,1
2185,96,TEST,96XSO002524221,0,1
2186,96,TEST,96XSO00331514,0,1
2187,96,TEST,96XSO0023814,0,1
2188,96,TEST,96XSO002539221,0,1
2189,96,TEST,96XSO0050376516,0,1
2190,96,TEST,96XSO00952232,0,1
2191,96,TEST,96XSO0045812,0,1
2192,96,TEST,96XSO00711732,0,1
2193,96,TEST,96XSO00728022,0,1
2194,96,TEST,96XSO002173,0,1
2195,96,TEST,96XSO001072111,0,1
2196,96,TEST,96XSO00418,0,1
2197,96,TEST,96XSO0022761517,0,1
2198,96,TEST,96XSO0068423,0,1
2199,96,TEST,96XSO00479015,0,1
2200,96,TEST,96XSO00577111,0,1
2201,96,TEST,96XSO001813131,0,1
2202,96,TEST,96XSO001192111,0,1
2203,96,TEST,96XSO0021272116,0,1
2204,96,TEST,96XSO00318,0,1
2205,96,TEST,96XSO00555518,0,1
2206,96,TEST,96XSO00602932,0,1
2207,96,TEST,96XSO00899991173,0,1
2208,96,TEST,96XSO00342941,0,1
2209,96,TEST,96XSO0051847512,0,1
2210,96,TEST,96XSO00021,0,1
2211,96,TEST,96XSO003912121,0,1
2212,96,TEST,96XSO00162412,0,1
2213,96,TEST,96XSO001088932,0,1
2214,96,TEST,96XSO00908122,0,1
2215,96,TEST,96XSO00324312,0,1
2216,96,TEST,96XSO00768315,0,1
2217,96,TEST,96XSO00579018,0,1
2218,96,TEST,96XSO00675615,0,1
2219,96,TEST,96XSO00152112,0,1
2220,96,TEST,96XSO00837532,0,1
2221,96,TEST,96XSO00712332,0,1
2222,96,TEST,96XSO0062441124,0,1
2223,96,TEST,96XSO001551516,0,1
2224,96,TEST,96XSO00288132,0,1
2225,96,TEST,96XSO0067109124,0,1
2226,96,TEST,96XSO00918,0,1
2227,96,TEST,96XSO00189832,0,1
2228,96,TEST,96XSO0014641,0,1
2229,96,TEST,96XSO001115532,0,1
2230,96,TEST,96XSO00818,0,1
2231,96,TEST,96XSO00205832,0,1
2232,96,TEST,96XSO00902722,0,1
2233,96,TEST,96XSO001010111,0,1
2234,96,TEST,96XSO001147111,0,1
2235,96,TEST,96XSO00956822,0,1
2236,96,TEST,96XSO002857121,0,1
2237,96,TEST,96XSO00897932,0,1
2238,96,TEST,96XSO00892932,0,1
2239,96,TEST,96XSO00663515,0,1
2240,96,TEST,96XSO002610821,0,1
2241,96,TEST,96XSO00276914,0,1
2242,96,TEST,96XSO00663632,0,1
2243,96,TEST,96XSO00518,0,1
2244,96,TEST,96XSO004344421,0,1
2245,96,TEST,96XSO00610232,0,1
2246,96,TEST,96XSO00132,0,1
2247,96,TEST,96XSO00957732,0,1
2248,96,TEST,96XSO00750715,0,1
2249,96,TEST,96XSO00951822,0,1
2250,96,TEST,96XSO00764991,0,1
2251,96,TEST,96XSO001104232,0,1
2252,96,TEST,96XSO00234232,0,1
2253,96,TEST,96XSO00822315,0,1
2254,96,TEST,96XSO00915132,0,1
2255,96,TEST,96XSO00565531,0,1
2256,96,TEST,96XSO0063615124,0,1
2257,96,TEST,96XSO00757215,0,1
2258,96,TEST,96XSO001937521,0,1
2259,96,TEST,96XSO006171,0,1
2260,96,TEST,96XSO00685915,0,1
2261,96,TEST,96XSO00215512,0,1
2262,96,TEST,96XSO00314414,0,1
2263,96,TEST,96XSO00728615,0,1
2264,96,TEST,96XSO00810715,0,1
2265,96,TEST,96XSO00190532,0,1
2266,96,TEST,96XSO00670332,0,1
2267,96,TEST,96XSO00100001173,0,1
2268,96,TEST,96XSO00496015,0,1
2269,96,TEST,96XSO00618,0,1
2270,96,TEST,96XSO002982321,0,1
2271,96,TEST,96XSO00333511,0,1
2272,96,TEST,96XSO00935111,0,1
2273,96,TEST,96XSO00023,0,1
2274,96,TEST,96XSO0068704124,0,1
2275,96,TEST,96XSO002660421,0,1
2276,96,TEST,96XSO003862321,0,1
2277,96,TEST,96XSO00888232,0,1
2278,96,TEST,96XSO00452232,0,1
2279,96,TEST,96XSO0099887718,0,1
2280,96,TEST,96XSO0010010111,0,1
2281,96,TEST,96XSO00957111,0,1
2282,96,TEST,96XSO00717715,0,1
2283,96,TEST,96XSO00342741,0,1
2284,96,TEST,96XSO00129112,0,1
2285,96,TEST,96XSO00963732,0,1
2286,96,TEST,96XSO000151,0,1
2287,96,TEST,96XSO004317421,0,1
2288,96,TEST,96XSO00697215,0,1
2289,96,TEST,96XSO00550232,0,1
2290,96,TEST,96XSO002528721,0,1
2291,96,TEST,96XSO001816291,0,1
2292,96,TEST,96XSO00233641,0,1
2293,96,TEST,96XSO003862421,0,1
2294,96,TEST,96XSO001114832,0,1
2295,96,TEST,96XSO00336514,0,1
2296,96,TEST,96XSO00554832,0,1
2297,96,TEST,96XSO004338821,0,1
2298,96,TEST,96XSO001810591,0,1
2299,96,TEST,96XSO003035233,0,1
2300,96,TEST,96XSO001011632,0,1
2301,96,TEST,96XSO00238841,0,1
2302,96,TEST,96XSO003051533,0,1
2303,96,TEST,96XSO001125111,0,1
2304,96,TEST,96XSO002762512,0,1
2923,96,"ПрАТ "БОБРОВИЦЬКЕ ХПП"",96XSO00351912,0,1
2924,96,Test,96XSO009594562232,0,1
2925,96,Test,96XSO00895932,0,1
2926,96,Test,96XSO00507132,0,1
2927,96,Test,96XSO004294953311,0,1
2931,96,Test,96XSO0055555116,0,1
2934,96,"     КОМАРНО     САДОЧОК КАЗОЧКА",96XSO0058814,0,1
2935,6,Test_Add,56XSO000000097621,0,1
2937,96,Test,96XSO00377631,0,1
2939,96,"ДП Укргазтех",96XSO0058153512,0,1
2942,96,Test,96XSO00404332,0,1
2943,96,Test,96XSO001027232,0,1
2945,96,Test,96XSO00557332,0,1
3592,97,"ПIДМ.АГРОМIКС ..................",97XS43217210,0,1
3593,97,"ДП Укргазтех",97XS574675120,0,1
3594,97,16469...........................,0,0,1
3595,97,"ПАО "БПТС"",0,0,1
3596,97,"ТОВ-МЕТАЛО ГАЛЬВА УКРАЇНА",0,0,1
3597,97,"ЗАО ПАВЛОГРАДХЛЕБ",97XS11281110,0,1
3598,97,"РОГАНСЬКА КФ                   _",97XS8072150,0,1
3599,97,00941-2.........................,97XS941231,0,1
3600,97,00941-1.........................,97XS941230,0,1
3601,97,"Торгівельний комплекс",97XS11240,0,1
3602,97,"БАЛАКЛЕЯ ХПП",97XS7725150,0,1
3603,97,Донецк,97XS18131911,0,1
3604,97,111,97XS1287331110,0,1
3605,97,Харьков,97XS18131910,0,1
3606,97,"ЧАО ЗОФ",97XS6200150,0,1
3607,97,""ПБП ВИМАЛ"" ГОЛОВНИЙ ПIДРОЗДIЛ"",97XS5501110,0,1
3608,97,СШ#13,97XS7444150,0,1
3609,97,13,97XS686961240,0,1
3610,97,"ООО "Краматорский феросплавный",97XS13098910,0,1
3611,97,"КП ТЕПЛОЗАБЕЗПЕЧЕННЯ           _",97XS208731150,0,1
3612,97,"ЗБОРIВ ЛIКАРНЯ  ................",97XS9394220,0,1
3613,97,"ТОВ  "ТЕКССИЛ"  АГНКС",97XS7381110,0,1
3614,97,"ДП Укргазтех",97XS581535120,0,1
3615,97,2,97XS469371240,0,1
3616,97,"ЗБОРIВ ЦРЛ......................",97XS8562220,0,1
3617,97,"ПАТ"КИIВСЬКИЙ КПК"             _",97XS5762150,0,1
3618,97,"Отіско Валентина Миколаївна",97XS1039431110,0,1
3619,97,"ПРАТ"КРЕМЕНЧУКМЯСО"            _",97XS8431150,0,1
3620,97,ПАТ-МОТОРСИЧ,97XS8262150,0,1
3621,97,"ООО ДНЕПРОПРЕСС СТАЛЬ",97XS213581150,0,1
3622,97,Зоря,97XS744161240,0,1
3623,97,"ООО ОК ПРИБОЙ                  _",97XS6928150,0,1
3624,97,"ТОВ ВIДI АВТОСТРАДА",97XS2087120,0,1
3625,97,АМПУ,97XS245391160,0,1
3626,97,1,97XS1050061110,0,1
3627,97,""ПАО БЕРДЯНСКОЕ ПТС"""""",97XS6347150,0,1
3628,97,Проба_10_ЛОРПАВЫФ,97XS231110,0,1
3629,97,"ПАТ"МЕНА ПАК"",97XS5407150,0,1
3630,97,"ПАТ "Укртелеком№ ЦЕЗ %",97XS621661240,0,1
3631,97,---,97XS285601240,0,1
3632,97,"ЧАО "УКРГРАФИТ"",97XS6178150,0,1
3633,97,ГОРОДНЯ.НЕЗАЛ.58................,97XS17612210,0,1
3634,97,"НовоселківськаЗОШ Підгаєцький",97XS4588150,0,1
3635,97,RT,97XS1706151110,0,1
3636,97,"ЧАО-БПТС                       _",97XS2421120,0,1
3637,97,Проба,97XS748891240,0,1
3638,97,"ТзОВ "Бучачагрохлібпром" (суперм",97XS602401240,0,1
3639,97,"КП"ТЕПЛОЕНЕРГЕТИК"",97XS9981110,0,1
3640,97,П`ятихатки,97XS281911240,0,1
3641,97,Зоря,97XS704521240,0,1
3642,97,"ОК"БУДИНОК 27 Д"",97XS6784150,0,1
3643,97,"ПАО "БЕРДЯНСКОЕ ПТС"",97XS6333150,0,1
3644,97,"СТОВ БАТЬКIВЩИНА               _",97XS3614120,0,1
3645,97,"ПРАТ КОМБИНАТ ПРИДНЕПРОВСКИЙ",97XS12651110,0,1
3646,97,"ТКЕ КОНОВАЛ 132Л................",97XS658231,0,1
3647,97,"ДП Укргазтех",97XS502905120,0,1
3648,97,"ТКЕ КОНОВАЛ 132.................",97XS658230,0,1
3649,97,"ДПЗАКУПНЯНСКИЙ КАРЭР",97XS7821150,0,1
3650,97,"КОРОПЕЦЬКИЙ ЛIЦЕЙ-IНТЕРНАТ     _",97XS2906120,0,1
3651,97,"ТОВ"АМТТ"",97XS7817150,0,1
3652,97,""ПАТКИIВСЬКИЙ КПК""",97XS6496150,0,1
3653,97,"Нібулон м. Градіжск",97XS4149150,0,1
3654,97,"ПАО "БПТС"",97XS6228150,0,1
3655,97,0,97XS7777771240,0,1
3656,97,"ОСМД БЕСТУЖЕВСКИЕ САДЫ         _",97XS10851110,0,1
3657,97,"КП-ХТС  ХОЛОДНОГОРСКИЙ Ф-Л",97XS550120,0,1
3658,97,"ПАТ"МЕНА ПАК"",97XS2742120,0,1
3659,97,"ПРАТ"АТП-17461"                _",97XS5691150,0,1
3660,97,"ООО"МСЗ"",97XS6995150,0,1
3661,97,"ЧАО "КЗТП"",97XS18023910,0,1
3662,97,Проба_ПРОБА_ЯЦХЭ,97XS21240,0,1
3663,97,"МКП ЕНЕРГОРЕСУРС               _",97XS7531110,0,1
3664,97,"Вашківецький хлібокомбінат",97XS121140,0,1
3665,97,"гот.Екстрім Кошун Тамара",97XS1062371110,0,1
3666,97,"АГРО МIКС       ................",97XS29018210,0,1
3667,97,"ПАО "БПТС"",97XS6227150,0,1
3668,97,"КОТЕЛЬНЯ КП"ОЗЕРНЕ"",97XS14441110,0,1
3669,97,"ТОВ РОСТРА",97XS15001110,0,1
3670,97,"ТОВ"ВIДI АВТОСIТI КIЛЬЦЕВА"    _",97XS3414120,0,1
3671,97,ПАТ-ГАЛИЧФАРМ,97XS4984180,0,1
3672,97,"Булах В.Г.",97XS1623611110,0,1
3673,97,"ЧАО ЗОФ",97XS5074150,0,1
3674,97,111,97XS1378871110,0,1
3675,97,"АТ "ОТКЕ"",97XS744931240,0,1
3676,97,"     КОМАРНО     САДОЧОК КАЗОЧКА",97XS588140,0,1
3677,97,"Бережанська ГНКС",97XS5256150,0,1
3678,97,"ТОВ КВIТЕНЬ                    _",97XS6519150,0,1
3679,97,"ЗБОРIВ ЦРЛ ПIДМI................",97XS29519210,0,1
3680,97,"ПАО "БЕРДЯНСКОЕ ПТС"",97XS6332150,0,1
3681,97,"     НИКОПОЛЬ    ЗОШ 16        _",97XS7030150,0,1
3682,97,"ТОВ-МЕТАЛО ГАЛЬВА УКРАЇНА",97XS7724150,0,1
3683,97,"ТОВ "ЕПIЦЕНТР К"",97XS8555160,0,1
3684,97,"ОРГАНIК МIЛК",97XS14901110,0,1
3685,97,"ДЧБЛ-3 ГЕТЕНЯ                  _",97XS2274120,0,1
3686,97,"ФОП Строков А. І. Офіс",97XS564141240,0,1
3687,97,"Луцюк А.С.",97XS1614061110,0,1
3688,97,"ГОРОДНЯНСЬКИЙ КОМБIКОРМОВИЙ ЗАВ_",97XS200221170,0,1
3689,97,"ПАО"БПТС"                      _",97XS2431120,0,1
3690,97,ПАТ-СБК,97XS5591150,0,1
3691,97,"ОСМД ДАРНИЦКАЯ",97XS5237150,0,1
3692,97,"Торгівельний комплекс",97XS666371240,0,1
3693,97,"КП "АНДРЕЕВСКАЯ ТЕПЛОСЕТЬ"",97XS6927150,0,1
3694,97,КП-ХТС,97XS155120,0,1
3695,97,"КП "НОВОТРОИЦКИЙ СЕЛЬКОММУНХОЗ"_",97XS6790150,0,1
3696,97,"Адмінбудівля ЦМК",97XS635541240,0,1
3697,97,"ГАГАРИНСКИЙ 2010",97XS7303150,0,1
3698,97,"ПТМ"КОВЕЛЬТЕПЛО"ВУЛ.ВАТУТIНА 48",97XS3518140,0,1
3699,97,"Орехова С.Є.",97XS1452571110,0,1
3700,97,"ПРАТ"АВТОКРАЗ"",97XS8148150,0,1
3701,97,"ТЗОВ ГАЛКА ЛТД",97XS7882150,0,1
3702,97,ПАТ-ЕЛЕКТРОТЕРМОМЕТРIЯ,97XS6932150,0,1
3703,97,"ОСМД БЕСТУЖЕВСКИЕ САДЫ         _",97XS11101110,0,1
3704,97,""ОООМСЗ""",97XS7855150,0,1
3705,97,"ЗОШ І-ІІІ ст. №1 м. Кременець лі",97XS711511240,0,1
3706,97,"ЧЕРВОНОПОЛЬСКИЙ КОММУНОЗ",97XS1613140,0,1
3707,97,"ТОВ"АМТТ"",97XS7056150,0,1
3708,97,"ТОВ"ОНУР КОНСТРУКЦИОН" М.ВИШНЕВ_",97XS6238150,0,1
3709,97,"ПАТ"КИIВСЬКИЙ КПК"",97XS5761150,0,1
3710,97,ЗАПОРОЖСТЕКЛОФЛЮС,97XS8375150,0,1
3711,97,"БЕРЕЗНIВСЬКЕ ПТАХОПIДПРИЕМСТВО К",97XS2766120,0,1
3712,97,"ТОВ"МАЛОДIВИЦЬКЕ ХПП"          _",97XS5714150,0,1
3713,97,"ТЗОВ"ЯРИЧIВ"ДЖМС................",97XS29048210,0,1
3714,97,09183...........................,97XS9183220,0,1
3715,97,"ПАО"БПТС"                      _",97XS2441120,0,1
3716,97,"СТОВ БАТЬКIВЩИНА               _",97XS2761120,0,1
3717,97,"ВIННИЦЬКИЙ КОЛЕДЖ НУХТ",97XS215271150,0,1
3718,97,"Торгівельний комплекс",97XS200351230,0,1
3719,97,Новиков,97XS200081240,0,1
3720,97,""ПАО БЕРДЯНСКОЕ ПТС"""""",97XS6471150,0,1
3721,97,Amazon,97XS281501240,0,1
3722,97,"ОСМД "ЦЕЛИНОГРАДСКАЯ"          _",97XS8711110,0,1
3723,97,ЦЕНТР.БЕРЕЖ.Л-НЯ................,97XS2223230,0,1
3724,97,БЗ2,97XS1458221110,0,1
3725,97,"БАРСКИЙ ГПК",97XS2601120,0,1
3726,97,"ПОЛИКЛИНИКА АВТОКРАЗ           _",97XS5984150,0,1
3727,97,"ФОП Карабак Л.Х.",97XS522571240,0,1
3728,97,"БАЛАКЛЕЯ ХПП                   _",97XS7726150,0,1
3729,97,"ПрАТ "БОБРОВИЦЬКЕ ХПП"",97XS3519120,0,1
3730,97,КРИГЕР,97XS2327120,0,1
3731,97,""ПАТ КИIВСЬКИЙ КПК""",97XS6205150,0,1
3732,97,СБУ,97XS4963180,0,1
3733,97,"ООО-САЛТОВСКИЙ МЯСОКОМБИНАТ",97XS1119130,0,1
3734,97,"ОСББ "КАСКАД-2"                _",97XS2880120,0,1
3735,97,"МАРIЯ                          _",97XS7673150,0,1
3736,97,"ПАТ "Укртелеком" ЦЕЗ №5",97XS620861240,0,1
3737,97,"ПРАО ТЕРМОЛАЙФ",97XS7668150,0,1
3738,97,"ПАТ-ТЕРЕМНО ХЛIБ               _",97XS7625150,0,1
3739,97,"Білозірська ЗОШ І-ІІІ ст.",97XS735701240,0,1
3740,97,а_ПРОБА,97XS11111180,0,1
3741,97,"ПБП ВИМАЛ",97XS1402120,0,1
3742,97,СТАРПЛАСТ,97XS5871110,0,1
3743,97,"ПАТ-ТЕРЕМНО ХЛТБ               _",97XS7623150,0,1
3744,97,----,97XS1951120,0,1
3745,97,ХПП-БЕРЕГОВО,97XS14191110,0,1
3746,97,"БФ Патриот",97XS18047910,0,1
3747,97,TEST,97XS1180,0,1
3748,97,TEST,97XS19233210,0,1
3749,97,TEST,97XS3776310,0,1
3750,97,TEST,97XS11691110,0,1
3751,97,TEST,97XS2690321,0,1
3752,97,TEST,97XS2690320,0,1
3753,97,TEST,97XS515505120,0,1
3754,97,TEST,97XS7503150,0,1
3755,97,TEST,97XS8288321,0,1
3756,97,TEST,97XS8288320,0,1
3757,97,TEST,97XS2801120,0,1
3758,97,TEST,97XS7682320,0,1
3759,97,TEST,97XS3133410,0,1
3760,97,TEST,97XS2736120,0,1
3761,97,TEST,97XS7258320,0,1
3762,97,TEST,97XS1647590,0,1
3763,97,TEST,97XS7258321,0,1
3764,97,TEST,97XS4407150,0,1
3765,97,TEST,97XS7229150,0,1
3766,97,TEST,97XS2017410,0,1
3767,97,TEST,97XS5391110,0,1
3768,97,TEST,97XS7269150,0,1
3769,97,TEST,97XS15525160,0,1
3770,97,TEST,97XS430861240,0,1
3771,97,TEST,97XS212501150,0,1
3772,97,TEST,97XS6156320,0,1
3773,97,TEST,97XS7298320,0,1
3774,97,TEST,97XS1272120,0,1
3775,97,TEST,97XS6408150,0,1
3776,97,TEST,97XS4972180,0,1
3777,97,TEST,97XS10251110,0,1
3778,97,TEST,97XS5631110,0,1
3779,97,TEST,97XS6902150,0,1
3780,97,TEST,97XS7778320,0,1
3781,97,TEST,97XS4885110,0,1
3782,97,TEST,97XS8219150,0,1
3783,97,TEST,97XS3631120,0,1
3784,97,TEST,97XS7248220,0,1
3785,97,TEST,97XS733641240,0,1
3786,97,TEST,97XS7778321,0,1
3787,97,TEST,97XS1332710,0,1
3788,97,TEST,97XS7860910,0,1
3789,97,TEST,97XS684001240,0,1
3790,97,TEST,97XS8685220,0,1
3791,97,TEST,97XS932911010,0,1
3792,97,TEST,97XS29877210,0,1
3793,97,TEST,97XS503775160,0,1
3794,97,TEST,97XS2720320,0,1
3795,97,TEST,97XS1711320,0,1
3796,97,TEST,97XS111111240,0,1
3797,97,TEST,97XS10731110,0,1
3798,97,TEST,97XS2361120,0,1
3799,97,TEST,97XS7151110,0,1
3800,97,TEST,97XS10841110,0,1
3801,97,TEST,97XS1381410,0,1
3802,97,TEST,97XS4915110,0,1
3803,97,TEST,97XS18125910,0,1
3804,97,TEST,97XS4251110,0,1
3805,97,TEST,97XS39005210,0,1
3806,97,TEST,97XS1850410,0,1
3807,97,TEST,97XS959456223220,0,1
3808,97,TEST,97XS9308220,0,1
3809,97,TEST,97XS1931410,0,1
3810,97,TEST,97XS3931120,0,1
3811,97,TEST,97XS8037150,0,1
3812,97,TEST,97XS6272150,0,1
3813,97,TEST,97XS28521210,0,1
3814,97,TEST,97XS5020150,0,1
3815,97,TEST,97XS5561150,0,1
3816,97,TEST,97XS9899321,0,1
3817,97,TEST,97XS27176210,0,1
3818,97,TEST,97XS9899320,0,1
3819,97,TEST,97XS7966320,0,1
3820,97,TEST,97XS611410,0,1
3821,97,TEST,97XS5338150,0,1
3822,97,TEST,97XS2133320,0,1
3823,97,TEST,97XS3355320,0,1
3824,97,TEST,97XS27179210,0,1
3825,97,TEST,97XS29796210,0,1
3826,97,TEST,97XS2133321,0,1
3827,97,TEST,97XS7269321,0,1
3828,97,TEST,97XS5121110,0,1
3829,97,TEST,97XS7269320,0,1
3830,97,TEST,97XS1469140,0,1
3831,97,TEST,97XS26095210,0,1
3832,97,TEST,97XS8364150,0,1
3833,97,TEST,97XS2514140,0,1
3834,97,TEST,97XS5652150,0,1
3835,97,TEST,97XS6931150,0,1
3836,97,TEST,97XS562985160,0,1
3837,97,TEST,97XS15120,0,1
3838,97,TEST,97XS1391120,0,1
3839,97,TEST,97XS4855150,0,1
3840,97,TEST,97XS3624120,0,1
3841,97,TEST,97XS55555110,0,1
3842,97,TEST,97XS27190210,0,1
3843,97,TEST,97XS9198220,0,1
3844,97,TEST,97XS555551160,0,1
3845,97,TEST,97XS8203150,0,1
3846,97,TEST,97XS1435120,0,1
3847,97,TEST,97XS30452330,0,1
3848,97,TEST,97XS230601160,0,1
3849,97,TEST,97XS686131240,0,1
3850,97,TEST,97XS3328410,0,1
3851,97,TEST,97XS43330210,0,1
3852,97,TEST,97XS6349150,0,1
3853,97,TEST,97XS4176180,0,1
3854,97,TEST,97XS7489150,0,1
3855,97,TEST,97XS4645410,0,1
3856,97,TEST,97XS43110210,0,1
3857,97,TEST,97XS1173140,0,1
3858,97,TEST,97XS6186150,0,1
3859,97,TEST,97XS10844310,0,1
3860,97,TEST,97XS1228410,0,1
3861,97,TEST,97XS8031110,0,1
3862,97,TEST,97XS26476210,0,1
3863,97,TEST,97XS5846180,0,1
3864,97,TEST,97XS704581240,0,1
3865,97,TEST,97XS819410,0,1
3866,97,TEST,97XS702291240,0,1
3867,97,TEST,97XS146110,0,1
3868,97,TEST,97XS222221150,0,1
3869,97,TEST,97XS6521150,0,1
3870,97,TEST,97XS7420150,0,1
3871,97,TEST,97XS1453320,0,1
3872,97,TEST,97XS4578150,0,1
3873,97,TEST,97XS9932320,0,1
3874,97,TEST,97XS57140,0,1
3875,97,TEST,97XS4723150,0,1
3876,97,TEST,97XS3658410,0,1
3877,97,TEST,97XS520175160,0,1
3878,97,TEST,97XS8621220,0,1
3879,97,TEST,97XS8355150,0,1
3880,97,TEST,97XS28220210,0,1
3881,97,TEST,97XS13121110,0,1
3882,97,TEST,97XS725120,0,1
3883,97,TEST,97XS5710180,0,1
3884,97,TEST,97XS27172210,0,1
3885,97,TEST,97XS12201110,0,1
3886,97,TEST,97XS2424320,0,1
3887,97,TEST,97XS43033210,0,1
3888,97,TEST,97XS1043320,0,1
3889,97,TEST,97XS7313320,0,1
3890,97,TEST,97XS300001250,0,1
3891,97,TEST,97XS3010140,0,1
3892,97,TEST,97XS9228320,0,1
3893,97,TEST,97XS9228321,0,1
3894,97,TEST,97XS28435210,0,1
3895,97,TEST,97XS7865150,0,1
3896,97,TEST,97XS5962150,0,1
3897,97,TEST,97XS21120,0,1
3898,97,TEST,97XS10186320,0,1
3899,97,TEST,97XS6681150,0,1
3900,97,TEST,97XS6062150,0,1
3901,97,TEST,97XS227625120,0,1
3902,97,TEST,97XS81143910,0,1
3903,97,TEST,97XS7151150,0,1
3904,97,TEST,97XS11012321,0,1
3905,97,TEST,97XS6549150,0,1
3906,97,TEST,97XS554410,0,1
3907,97,TEST,97XS8022150,0,1
3908,97,TEST,97XS11337321,0,1
3909,97,TEST,97XS11337320,0,1
3910,97,TEST,97XS29355210,0,1
3911,97,TEST,97XS271120,0,1
3912,97,TEST,97XS6502150,0,1
3913,97,TEST,97XS29889210,0,1
3914,97,TEST,97XS29290210,0,1
3915,97,TEST,97XS4043320,0,1
3916,97,TEST,97XS5573320,0,1
3917,97,TEST,97XS2364140,0,1
3918,97,TEST,97XS5582180,0,1
3919,97,TEST,97XS28324210,0,1
3920,97,TEST,97XS7481110,0,1
3921,97,TEST,97XS13851110,0,1
3922,97,TEST,97XS9169310,0,1
3923,97,TEST,97XS28983210,0,1
3924,97,TEST,97XS884120,0,1
3925,97,TEST,97XS19400210,0,1
3926,97,TEST,97XS1165310,0,1
3927,97,TEST,97XS8848220,0,1
3928,97,TEST,97XS11012320,0,1
3929,97,TEST,97XS18182910,0,1
3930,97,TEST,97XS905110,0,1
3931,97,TEST,97XS26347210,0,1
3932,97,TEST,97XS7366150,0,1
3933,97,TEST,97XS730771240,0,1
3934,97,TEST,97XS81311910,0,1
3935,97,TEST,97XS8959321,0,1
3936,97,TEST,97XS220120,0,1
3937,97,TEST,97XS10131110,0,1
3938,97,TEST,97XS8201321,0,1
3939,97,TEST,97XS8201320,0,1
3940,97,TEST,97XS8959320,0,1
3941,97,TEST,97XS646011240,0,1
3942,97,TEST,97XS10142320,0,1
3943,97,TEST,97XS5533180,0,1
3944,97,TEST,97XS6066150,0,1
3945,97,TEST,97XS28647210,0,1
3946,97,TEST,97XS3132410,0,1
3947,97,TEST,97XS10861310,0,1
3948,97,TEST,97XS8913320,0,1
3949,97,TEST,97XS4935180,0,1
3950,97,TEST,97XS19179210,0,1
3951,97,TEST,97XS7319150,0,1
3952,97,TEST,97XS4052150,0,1
3953,97,TEST,97XS747691240,0,1
3954,97,TEST,97XS6070150,0,1
3955,97,TEST,97XS2859410,0,1
3956,97,TEST,97XS6769150,0,1
3957,97,TEST,97XS18261210,0,1
3958,97,TEST,97XS30705330,0,1
3959,97,TEST,97XS28255210,0,1
3960,97,TEST,97XS28638210,0,1
3961,97,TEST,97XS747701240,0,1
3962,97,TEST,97XS43255210,0,1
3963,97,TEST,97XS441120,0,1
3964,97,TEST,97XS7375320,0,1
3965,97,TEST,97XS7375321,0,1
3966,97,TEST,97XS29515210,0,1
3967,97,TEST,97XS5025150,0,1
3968,97,TEST,97XS43481210,0,1
3969,97,TEST,97XS1274410,0,1
3970,97,TEST,97XS4868150,0,1
3971,97,TEST,97XS7589320,0,1
3972,97,TEST,97XS28755210,0,1
3973,97,TEST,97XS6446150,0,1
3974,97,TEST,97XS8801320,0,1
3975,97,TEST,97XS3060120,0,1
3976,97,TEST,97XS6122150,0,1
3977,97,TEST,97XS10745310,0,1
3978,97,TEST,97XS10139321,0,1
3979,97,TEST,97XS7259150,0,1
3980,97,TEST,97XS10139320,0,1
3981,97,TEST,97XS4941180,0,1
3982,97,TEST,97XS5958150,0,1
3983,97,TEST,97XS2670320,0,1
3984,97,TEST,97XS3515320,0,1
3985,97,TEST,97XS2991420,0,1
3986,97,TEST,97XS3515321,0,1
3987,97,TEST,97XS10711110,0,1
3988,97,TEST,97XS28784210,0,1
3989,97,TEST,97XS9135320,0,1
3990,97,TEST,97XS7193150,0,1
3991,97,TEST,97XS9883220,0,1
3992,97,TEST,97XS9598321,0,1
3993,97,TEST,97XS9598320,0,1
3994,97,TEST,97XS742120,0,1
3995,97,TEST,97XS4481150,0,1
3996,97,TEST,97XS5786180,0,1
3997,97,TEST,97XS11119320,0,1
3998,97,TEST,97XS2498140,0,1
3999,97,TEST,97XS7180,0,1
4000,97,TEST,97XS4143320,0,1
4001,97,TEST,97XS8116150,0,1
4002,97,TEST,97XS26399210,0,1
4003,97,TEST,97XS29391210,0,1
4004,97,TEST,97XS3143140,0,1
4005,97,TEST,97XS562140,0,1
4006,97,TEST,97XS1184511010,0,1
4007,97,TEST,97XS3783310,0,1
4008,97,TEST,97XS14091110,0,1
4009,97,TEST,97XS675851240,0,1
4010,97,TEST,97XS11285320,0,1
4011,97,TEST,97XS4293320,0,1
4012,97,TEST,97XS227625160,0,1
4013,97,TEST,97XS521725120,0,1
4014,97,TEST,97XS2386120,0,1
4015,97,TEST,97XS15505160,0,1
4016,97,TEST,97XS907320,0,1
4017,97,TEST,97XS621230,0,1
4018,97,TEST,97XS2501110,0,1
4019,97,TEST,97XS10191320,0,1
4020,97,TEST,97XS10191321,0,1
4021,97,TEST,97XS7027910,0,1
4022,97,TEST,97XS215471170,0,1
4023,97,TEST,97XS51550510,0,1
4024,97,TEST,97XS687671240,0,1
4025,97,TEST,97XS7077320,0,1
4026,97,TEST,97XS10331320,0,1
4027,97,TEST,97XS527120,0,1
4028,97,TEST,97XS17643210,0,1
4029,97,TEST,97XS11521110,0,1
4030,97,TEST,97XS5837410,0,1
4031,97,TEST,97XS9232220,0,1
4032,97,TEST,97XS514711240,0,1
4033,97,TEST,97XS81225910,0,1
4034,97,TEST,97XS29779210,0,1
4035,97,TEST,97XS6305150,0,1
4036,97,TEST,97XS8062320,0,1
4037,97,TEST,97XS8062321,0,1
4038,97,TEST,97XS3595320,0,1
4039,97,TEST,97XS2180,0,1
4040,97,TEST,97XS9567910,0,1
4041,97,TEST,97XS6525150,0,1
4042,97,TEST,97XS5765321,0,1
4043,97,TEST,97XS5765320,0,1
4044,97,TEST,97XS7375220,0,1
4045,97,TEST,97XS8282321,0,1
4046,97,TEST,97XS8282320,0,1
4047,97,TEST,97XS10840310,0,1
4048,97,TEST,97XS5521110,0,1
4049,97,TEST,97XS3671120,0,1
4050,97,TEST,97XS43588210,0,1
4051,97,TEST,97XS8175150,0,1
4052,97,TEST,97XS2671120,0,1
4053,97,TEST,97XS29079210,0,1
4054,97,TEST,97XS5071320,0,1
4055,97,TEST,97XS18100910,0,1
4056,97,TEST,97XS2291120,0,1
4057,97,TEST,97XS9558220,0,1
4058,97,TEST,97XS5071321,0,1
4059,97,TEST,97XS214140,0,1
4060,97,TEST,97XS18143910,0,1
4061,97,TEST,97XS4931110,0,1
4062,97,TEST,97XS7804150,0,1
4063,97,TEST,97XS43349210,0,1
4064,97,TEST,97XS11811110,0,1
4065,97,TEST,97XS517965160,0,1
4066,97,TEST,97XS7278150,0,1
4067,97,TEST,97XS5631410,0,1
4068,97,TEST,97XS702461240,0,1
4069,97,TEST,97XS13771110,0,1
4070,97,TEST,97XS11152590,0,1
4071,97,TEST,97XS8477150,0,1
4072,97,TEST,97XS6962150,0,1
4073,97,TEST,97XS43208210,0,1
4074,97,TEST,97XS4905110,0,1
4075,97,TEST,97XS6410150,0,1
4076,97,TEST,97XS2745120,0,1
4077,97,TEST,97XS3633410,0,1
4078,97,TEST,97XS2030410,0,1
4079,97,TEST,97XS8322321,0,1
4080,97,TEST,97XS8322320,0,1
4081,97,TEST,97XS11151110,0,1
4082,97,TEST,97XS27615120,0,1
4083,97,TEST,97XS6819150,0,1
4084,97,TEST,97XS10941110,0,1
4085,97,TEST,97XS7700150,0,1
4086,97,TEST,97XS19143210,0,1
4087,97,TEST,97XS747711240,0,1
4088,97,TEST,97XS6487150,0,1
4089,97,TEST,97XS3333320,0,1
4090,97,TEST,97XS6463310,0,1
4091,97,TEST,97XS4116320,0,1
4092,97,TEST,97XS9425220,0,1
4093,97,TEST,97XS560361240,0,1
4094,97,TEST,97XS10272320,0,1
4095,97,TEST,97XS43632210,0,1
4096,97,TEST,97XS9344220,0,1
4097,97,TEST,97XS13105910,0,1
4098,97,TEST,97XS7386320,0,1
4099,97,TEST,97XS977140,0,1
4100,97,TEST,97XS7745150,0,1
4101,97,TEST,97XS966590,0,1
4102,97,TEST,97XS966591,0,1
4103,97,TEST,97XS5789180,0,1
4104,97,TEST,97XS1085140,0,1
4105,97,TEST,97XS30012340,0,1
4106,97,TEST,97XS9759320,0,1
4107,97,TEST,97XS2149310,0,1
4108,97,TEST,97XS928320,0,1
4109,97,TEST,97XS8228150,0,1
4110,97,TEST,97XS29815210,0,1
4111,97,TEST,97XS6691110,0,1
4112,97,TEST,97XS8601220,0,1
4113,97,TEST,97XS515505160,0,1
4114,97,TEST,97XS6530150,0,1
4115,97,TEST,97XS574711240,0,1
4116,97,TEST,97XS7137320,0,1
4117,97,TEST,97XS3028140,0,1
4118,97,TEST,97XS29120210,0,1
4119,97,TEST,97XS16642210,0,1
4120,97,TEST,97XS3598320,0,1
4121,97,TEST,97XS10371110,0,1
4122,97,TEST,97XS8041910,0,1
4123,97,TEST,97XS8217150,0,1
4124,97,TEST,97XS18121910,0,1
4125,97,TEST,97XS18225210,0,1
4126,97,TEST,97XS849120,0,1
4127,97,TEST,97XS203421240,0,1
4128,97,TEST,97XS2388420,0,1
4129,97,TEST,97XS8713320,0,1
4130,97,TEST,97XS25242210,0,1
4131,97,TEST,97XS3315140,0,1
4132,97,TEST,97XS238140,0,1
4133,97,TEST,97XS25392210,0,1
4134,97,TEST,97XS503765160,0,1
4135,97,TEST,97XS9522320,0,1
4136,97,TEST,97XS458120,0,1
4137,97,TEST,97XS7117320,0,1
4138,97,TEST,97XS7280220,0,1
4139,97,TEST,97XS10721110,0,1
4140,97,TEST,97XS4180,0,1
4141,97,TEST,97XS684230,0,1
4142,97,TEST,97XS4790150,0,1
4143,97,TEST,97XS5771110,0,1
4144,97,TEST,97XS18131310,0,1
4145,97,TEST,97XS11921110,0,1
4146,97,TEST,97XS4294953311516,0,1
4147,97,TEST,97XS212721160,0,1
4148,97,TEST,97XS3180,0,1
4149,97,TEST,97XS5555180,0,1
4150,97,TEST,97XS6029321,0,1
4151,97,TEST,97XS6029320,0,1
4152,97,TEST,97XS3429410,0,1
4153,97,TEST,97XS518475120,0,1
4154,97,TEST,97XS39121210,0,1
4155,97,TEST,97XS1624120,0,1
4156,97,TEST,97XS10889320,0,1
4157,97,TEST,97XS9081220,0,1
4158,97,TEST,97XS3243120,0,1
4159,97,TEST,97XS7683150,0,1
4160,97,TEST,97XS5790180,0,1
4161,97,TEST,97XS6756150,0,1
4162,97,TEST,97XS1521120,0,1
4163,97,TEST,97XS8375320,0,1
4164,97,TEST,97XS7123320,0,1
4165,97,TEST,97XS624411240,0,1
4166,97,TEST,97XS15515160,0,1
4167,97,TEST,97XS2881320,0,1
4168,97,TEST,97XS671091240,0,1
4169,97,TEST,97XS9180,0,1
4170,97,TEST,97XS1898320,0,1
4171,97,TEST,97XS146410,0,1
4172,97,TEST,97XS11155321,0,1
4173,97,TEST,97XS8180,0,1
4174,97,TEST,97XS2058321,0,1
4175,97,TEST,97XS9027220,0,1
4176,97,TEST,97XS10101110,0,1
4177,97,TEST,97XS11471110,0,1
4178,97,TEST,97XS9568220,0,1
4179,97,TEST,97XS28571210,0,1
4180,97,TEST,97XS8979320,0,1
4181,97,TEST,97XS8929320,0,1
4182,97,TEST,97XS6635150,0,1
4183,97,TEST,97XS26108210,0,1
4184,97,TEST,97XS2769140,0,1
4185,97,TEST,97XS6636320,0,1
4186,97,TEST,97XS2058320,0,1
4187,97,TEST,97XS5180,0,1
4188,97,TEST,97XS43444210,0,1
4189,97,TEST,97XS6102320,0,1
4190,97,TEST,97XS1320,0,1
4191,97,TEST,97XS9577320,0,1
4192,97,TEST,97XS7507150,0,1
4193,97,TEST,97XS9518220,0,1
4194,97,TEST,97XS7649910,0,1
4195,97,TEST,97XS11042320,0,1
4196,97,TEST,97XS2342320,0,1
4197,97,TEST,97XS2342321,0,1
4198,97,TEST,97XS8223150,0,1
4199,97,TEST,97XS9151321,0,1
4200,97,TEST,97XS9151320,0,1
4201,97,TEST,97XS5655310,0,1
4202,97,TEST,97XS636151240,0,1
4203,97,TEST,97XS7572150,0,1
4204,97,TEST,97XS19375210,0,1
4205,97,TEST,97XS11155320,0,1
4206,97,TEST,97XS6859150,0,1
4207,97,TEST,97XS2155120,0,1
4208,97,TEST,97XS3144140,0,1
4209,97,TEST,97XS7286150,0,1
4210,97,TEST,97XS8107150,0,1
4211,97,TEST,97XS1905320,0,1
4212,97,TEST,97XS6703320,0,1
4213,97,TEST,97XS4960150,0,1
4214,97,TEST,97XS6180,0,1
4215,97,TEST,97XS29823210,0,1
4216,97,TEST,97XS3335110,0,1
4217,97,TEST,97XS9351110,0,1
4218,97,TEST,97XS687041240,0,1
4219,97,TEST,97XS26604210,0,1
4220,97,TEST,97XS38623210,0,1
4221,97,TEST,97XS8882320,0,1
4222,97,TEST,97XS4522320,0,1
4223,97,TEST,97XS998877180,0,1
4224,97,TEST,97XS100101110,0,1
4225,97,TEST,97XS9571110,0,1
4226,97,TEST,97XS7177150,0,1
4227,97,TEST,97XS3427410,0,1
4228,97,TEST,97XS1291120,0,1
4229,97,TEST,97XS9637320,0,1
4230,97,TEST,97XS43174210,0,1
4231,97,TEST,97XS6972150,0,1
4232,97,TEST,97XS5502321,0,1
4233,97,TEST,97XS5502320,0,1
4234,97,TEST,97XS25287210,0,1
4235,97,TEST,97XS18162910,0,1
4236,97,TEST,97XS2336410,0,1
4237,97,TEST,97XS38624210,0,1
4238,97,TEST,97XS11148321,0,1
4239,97,TEST,97XS3365140,0,1
4240,97,TEST,97XS5548321,0,1
4241,97,TEST,97XS11148320,0,1
4242,97,TEST,97XS5548320,0,1
4243,97,TEST,97XS43388210,0,1
4244,97,TEST,97XS18105910,0,1
4245,97,TEST,97XS30352330,0,1
4246,97,TEST,97XS10116320,0,1
4247,97,TEST,97XS2388410,0,1
4248,97,TEST,97XS30515330,0,1
4249,97,TEST,97XS11251110,0,1
4250,97,TEST,97XS27625120,0,1
4251,96,00941-1.........................,96XS941230,0,1
4252,96,Харьков,96XS18131910,0,1
4253,96,"ТКЕ КОНОВАЛ 132.................",96XS658230,0,1
4254,96,TEST,96XS2690320,0,1
4255,96,TEST,96XS8288320,0,1
4256,96,TEST,96XS7258321,0,1
4257,96,TEST,96XS7778321,0,1
4258,96,TEST,96XS9899320,0,1
4259,96,TEST,96XS2133321,0,1
4260,96,TEST,96XS7269320,0,1
4261,96,TEST,96XS9228321,0,1
4262,96,TEST,96XS11337320,0,1
4263,96,TEST,96XS11012320,0,1
4264,96,TEST,96XS8201320,0,1
4265,96,TEST,96XS8959320,0,1
4266,96,TEST,96XS7375321,0,1
4267,96,TEST,96XS10139320,0,1
4268,96,TEST,96XS3515321,0,1
4269,96,TEST,96XS9598320,0,1
4270,96,TEST,96XS10191321,0,1
4271,96,TEST,96XS8062321,0,1
4272,96,TEST,96XS5765320,0,1
4273,96,TEST,96XS8282320,0,1
4274,96,TEST,96XS5071321,0,1
4275,96,TEST,96XS8322320,0,1
4276,96,TEST,96XS966591,0,1
4277,96,TEST,96XS6029320,0,1
4278,96,TEST,96XS2058320,0,1
4279,96,TEST,96XS2342321,0,1
4280,96,TEST,96XS9151320,0,1
4281,96,TEST,96XS11155320,0,1
4282,96,TEST,96XS5502320,0,1
4283,96,TEST,96XS11148320,0,1
4284,96,TEST,96XS5548320,0,1
4285,91,testSept23,56XSO000000009102,0,1
4286,91,testSept23_2,56XSO000000009103,0,1
4287,91,testSept23_TRADE,56XSO000000009304,0,1
4288,6,"Потребитель128_3 ",56XSO000000009204,0,1
4289,91,testSept23_3,56XSO000000009105,0,1
4290,91,testSept23_4,56XSO000000009106,0,1
4291,91,testSept23_5,,0,1
4292,91,testSept23_,56XSO000000009108,0,1
4293,91,testSept23_8,0001,0,1
4294,6,QWERTY,56XSO000000030702,0,1
